{
    "hand": [
        0.0,
        0.18995193783696696,
        0.375943064651825,
        0.5167169641802991,
        0.6281415906093573,
        0.5122346504168954,
        0.742313100004617,
        0.880791918087921,
        1.0,
        0.49396188829687765,
        0.7267547643907575,
        0.8712967689172416,
        0.9937445836062684,
        0.4559236140485813,
        0.6739289965121604,
        0.8098494307421933,
        0.9302961580376845,
        0.40847343503596584,
        0.5779536248529579,
        0.6849134691746384,
        0.7837385863288524
    ],
    "rock": [
        0.0,
        0.14859128913563915,
        0.2852688550691582,
        0.39162176442179464,
        0.4778445704970646,
        0.5266996717357301,
        0.7432235120306835,
        0.8842596720157375,
        1.0,
        0.5199315290632404,
        0.7192508291887527,
        0.6108846349618422,
        0.49891087334659434,
        0.49522650093014875,
        0.6240225912470101,
        0.5114067642732126,
        0.4138743362621635,
        0.4693609675474843,
        0.6695880882579102,
        0.78939420019761,
        0.906210020426893
    ],
    "L": [
        0.0,
        0.17924684709373997,
        0.3849824592528873,
        0.5523745569243113,
        0.659077554710368,
        0.5454991431904213,
        0.7594962299096978,
        0.8902469564025447,
        1.0,
        0.5216384184838277,
        0.6241371956261367,
        0.4892749528133678,
        0.4139963859101828,
        0.4809130882998292,
        0.5471325171922446,
        0.4101642043790304,
        0.34922779650245245,
        0.4466029000000915,
        0.5051445276759841,
        0.39854490168520434,
        0.3477524394184987
    ],
    "ok": [
        0.0,
        0.1704708640976142,
        0.3377887621714381,
        0.4671261558305806,
        0.5543383015040921,
        0.5123510994659481,
        0.6904433157791786,
        0.6860095947295481,
        0.6430363692456013,
        0.5298541464477917,
        0.7567748588726845,
        0.8929987596400633,
        1.0,
        0.5078318948626122,
        0.715155700307364,
        0.841602277875018,
        0.9441469836460302,
        0.46047716683518,
        0.6320953957241461,
        0.751726128596325,
        0.8550633695774473
    ],
    "flip": [
        0.0,
        0.16464001194388989,
        0.35658067627892487,
        0.5239824171891638,
        0.6333880619902632,
        0.443519924687844,
        0.582502352880962,
        0.5228770121079614,
        0.44775235325158363,
        0.43056172411725446,
        0.7033545882516131,
        0.8762542301563047,
        1.0,
        0.4091338469484903,
        0.6029913601643643,
        0.5241056824155955,
        0.4352205519312023,
        0.38583442790238565,
        0.5550710543991859,
        0.48272336849479947,
        0.40237603142600775
    ],
    "peace": [
        0.0,
        0.1573895402206248,
        0.33833047712204645,
        0.480852211076693,
        0.5633102374081754,
        0.5023361209022501,
        0.7040340402836303,
        0.8137208603559111,
        0.9122208966581853,
        0.5319608710815811,
        0.7773503541080102,
        0.9082803646250805,
        1.0,
        0.5142500929984225,
        0.7186213317294161,
        0.6126389344324426,
        0.5018824601860843,
        0.4607711651001876,
        0.5779902026038766,
        0.49311260082790503,
        0.3966426718997767
    ]
}
